,Ravenclaw,Slytherin,Gryffindor,Hufflepuff,mean,std
Ancient Runes,34.930024590197185,-9.448948549374288,70.0855856543765,-29.45466036304816,495.74797005915786,105.11550760219578
Astronomy,-37.243796409578984,-62.794187777402065,-3.646377849041966,20.2509248256954,39.79713089016475,515.0657196248314
Charms,76.83467952832903,16.82795099520497,10.062967219529979,41.023221110514974,-243.3744090125,8.783639876017117
Defense Against the Dark Arts,37.43248654969771,63.05867868065531,3.9497666798845934,-20.153636555271852,-0.3878634974417863,5.162015873475544
Divination,35.895149136472234,-49.93394392167052,24.075064325383327,41.0285123237797,3.153909673286355,4.104313679917073
Flying,-24.04014324798695,-48.12042650582031,59.481134456432144,-28.56383216472302,21.9580125,97.63160206806158
Herbology,57.924055812562116,-12.83633597771727,-6.423281885372431,73.38273863574176,1.1410195296768044,5.16553955657155
Transfiguration,36.6798925845314,34.81574394068893,-41.97185111753534,45.76813743920999,1030.0969463871304,43.653472666327566
biais,-24.795490468441905,-30.233741326766374,-38.74346318077449,1.7109274888831862,,
